City_ID,City,Lat,Lng,Max Temp,Humidity,Cloudiness,Wind Speed,Country,Date
0,kailua-kona,19.6406,-155.9956,28.49,71,40,5.66,US,1683600222
1,sitka,57.0531,-135.33,9.94,66,100,3.09,US,1683600207
2,port-aux-francais,-49.35,70.2167,7.27,97,100,10.44,TF,1683600447
3,lae,-6.7221,146.9847,30.37,65,96,4.24,PG,1683600447
4,thompson,55.7435,-97.8558,15.09,51,75,1.54,CA,1683600057
5,saipan,15.1355,145.701,31.39,100,20,6.17,MP,1683600448
6,olney,39.1532,-77.0669,20.29,79,0,0.0,US,1683600397
7,remire-montjoly,4.9167,-52.2667,25.02,94,75,1.03,GF,1683600226
8,grytviken,-54.2811,-36.5092,-0.1,64,15,1.92,GS,1683600193
9,margaret river,-33.95,115.0667,20.23,49,52,7.65,AU,1683600200
10,louhans,46.6667,5.1667,14.31,89,100,0.21,FR,1683600449
11,mahebourg,-20.4081,57.7,24.16,88,40,3.6,MU,1683600449
12,mejit,10.2753,170.8646,27.15,83,100,6.58,MH,1683600237
13,kodiak,57.79,-152.4072,2.73,93,100,12.86,US,1683600219
14,katsuura,35.1333,140.3,18.01,57,40,8.64,JP,1683600214
15,civril,38.3014,29.7386,11.01,73,38,1.15,TR,1683600449
16,bode saadu,8.9333,4.7833,26.77,72,67,2.23,NG,1683600450
17,lerwick,60.1545,-1.1494,9.0,98,100,0.95,GB,1683600174
18,aral,40.5156,81.2636,19.14,13,0,5.02,CN,1683600450
19,rawah,34.4816,41.9093,21.28,39,100,3.12,IQ,1683600450
20,waitangi,-43.9535,-176.5597,16.57,92,100,4.47,NZ,1683600192
21,souillac,-20.5167,57.5167,24.21,88,40,3.6,MU,1683600242
22,kedrovyy,56.1667,91.8167,21.23,34,24,4.36,RU,1683600450
23,san juan de miraflores,-12.1629,-76.9635,21.29,86,90,4.51,PE,1683600451
24,qaqortoq,60.7167,-46.0333,0.08,93,100,2.19,GL,1683600243
25,port mathurin,-19.6833,63.4167,25.42,75,55,8.96,MU,1683600232
26,cabo san lucas,22.8909,-109.9124,28.17,32,0,5.66,MX,1683600351
27,namibe,-15.1961,12.1522,22.52,79,36,1.18,AO,1683600192
28,jaicos,-7.3592,-41.1378,21.74,70,17,1.31,BR,1683600180
29,ataq,14.5377,46.8319,21.43,37,50,3.59,YE,1683600451
30,levuka,50.1834,-105.4011,13.84,69,90,3.68,CA,1683600452
31,erdenet,49.0333,104.0833,14.6,29,100,3.8,MN,1683600452
32,bilibino,68.0546,166.4372,-0.12,92,100,2.23,RU,1683600203
33,flying fish cove,-10.4217,105.6791,28.82,83,75,4.63,CX,1683600121
34,kavaratti,10.5669,72.642,29.14,60,100,4.57,IN,1683600315
35,blackmans bay,-43.0167,147.3167,13.74,76,84,5.88,AU,1683600452
36,changzhi,35.2089,111.7386,17.64,45,100,2.03,CN,1683600453
37,edinburgh of the seven seas,-37.0676,-12.3116,15.25,70,74,5.81,SH,1683600199
38,bonthe,7.5264,-12.505,24.05,89,100,4.84,SL,1683600202
39,sao paulo de olivenca,-3.3783,-68.8725,23.37,99,99,0.98,BR,1683600453
40,whitehorse,60.7161,-135.0538,10.57,29,20,10.8,CA,1683600414
41,guerrero negro,27.9769,-114.0611,15.12,87,6,8.08,MX,1683600320
42,saldanha,-33.0117,17.9442,11.03,84,84,3.75,ZA,1683600262
43,tofol,5.3248,163.0078,27.9,79,100,5.05,FM,1683600454
44,clear lake,43.138,-93.3794,17.85,62,100,7.2,US,1683600454
45,badger,64.8,-147.5333,14.14,34,40,2.06,US,1683600224
46,punta arenas,-53.15,-70.9167,6.06,70,20,9.77,CL,1683600204
47,uturoa,-16.7333,-151.4333,27.64,75,66,2.96,PF,1683600123
48,ribeira grande,38.5167,-28.7,16.54,94,100,0.89,PT,1683600206
49,la passe,45.5549,-0.8967,14.99,81,100,3.99,FR,1683600217
50,nantucket,41.2835,-70.0995,14.44,62,0,4.63,US,1683600455
51,ha tien,10.3833,104.4833,30.91,65,100,2.21,VN,1683600455
52,song cau,13.45,109.2167,29.09,74,100,1.36,VN,1683600455
53,mount isa,-20.7333,139.5,19.87,18,0,6.69,AU,1683600197
54,tura,25.5198,90.2201,31.76,28,31,2.16,IN,1683600015
55,hamilton,39.1834,-84.5333,20.58,84,0,3.09,US,1683600213
56,enewetak,11.3474,162.3373,27.51,78,100,7.28,MH,1683600225
57,colonia,50.9333,6.95,16.01,85,75,3.09,DE,1683600124
58,timbuktu,16.7735,-3.0074,33.92,22,100,3.23,ML,1683600457
59,sabang,5.8933,95.3214,28.71,69,100,5.39,ID,1683600457
60,ulundi,-28.3352,31.4162,15.59,95,90,1.07,ZA,1683600457
61,manokwari,-0.8667,134.0833,28.54,76,33,1.99,ID,1683600457
62,wailua homesteads,22.0669,-159.378,28.24,73,75,8.23,US,1683600197
63,haiku-pauwela,20.9219,-156.3051,27.01,55,40,12.86,US,1683600197
64,warrnambool,-38.3833,142.4833,16.3,70,72,7.09,AU,1683600345
65,vorgashor,67.5833,63.95,-0.51,99,100,5.28,RU,1683600267
66,crixas,-14.5489,-49.9692,22.07,60,91,1.06,BR,1683600458
67,la sarre,48.8002,-79.1996,4.01,64,29,2.54,CA,1683600458
68,vila franca do campo,37.7167,-25.4333,17.23,92,96,1.06,PT,1683600459
69,acarau,-2.8856,-40.12,25.24,87,34,3.23,BR,1683600215
70,hermanus,-34.4187,19.2345,15.45,86,37,2.21,ZA,1683600055
71,longyearbyen,78.2186,15.6401,-2.09,86,75,1.03,SJ,1683600223
72,nar'yan-mar,67.6713,53.087,-0.18,87,98,5.09,RU,1683600411
73,hawaiian paradise park,19.5933,-154.9731,26.73,69,0,2.57,US,1683600077
74,bredasdorp,-34.5322,20.0403,12.15,93,42,1.23,ZA,1683600054
75,homer,59.6425,-151.5483,5.45,67,100,2.57,US,1683600462
76,stjordalshalsen,63.4681,10.9262,10.0,57,75,3.6,NO,1683600462
77,baharly,38.4362,57.4316,24.6,26,33,2.67,TM,1683600462
78,iqaluit,63.7506,-68.5145,-8.15,86,20,8.23,CA,1683600246
79,codrington,-38.2667,141.9667,14.83,71,100,5.87,AU,1683600223
80,kruisfontein,-34.0033,24.7314,11.6,79,43,2.44,ZA,1683600463
81,aykhal,66.0,111.5,2.86,100,100,12.45,RU,1683600250
82,daru,-9.0763,143.2092,25.33,95,100,6.18,PG,1683600463
83,coyhaique,-45.5752,-72.0662,7.97,81,100,3.6,CL,1683600424
84,anadyr,64.75,177.4833,-0.72,79,100,6.0,RU,1683600066
85,new norfolk,-42.7826,147.0587,14.39,56,96,1.34,AU,1683600418
86,luderitz,-26.6481,15.1594,15.19,60,0,3.54,NA,1683600238
87,tralee,52.2704,-9.7026,8.98,96,99,2.15,IE,1683600218
88,puerto natales,-51.7236,-72.4875,4.46,81,8,3.55,CL,1683600464
89,adamstown,-25.066,-130.1015,21.57,58,100,5.41,PN,1683600196
90,zyrya,40.3661,50.2917,17.05,80,3,10.94,AZ,1683600464
91,yellowknife,62.456,-114.3525,11.29,62,75,4.12,CA,1683599983
92,gazojak,41.1875,61.4036,22.72,17,6,4.43,TM,1683600465
93,avarua,-21.2078,-159.775,26.03,89,75,8.23,CK,1683600019
94,san antonio de pale,-1.4014,5.6325,27.98,80,66,4.97,GQ,1683600236
95,puerto ayora,-0.7393,-90.3518,26.97,95,37,0.89,EC,1683600207
96,port isabel,26.0734,-97.2086,27.05,87,75,5.66,US,1683600181
97,vernon,50.2581,-119.2691,14.4,77,69,2.68,CA,1683600318
98,ventura,34.4667,-119.0176,10.98,76,0,0.29,US,1683600466
99,atafu village,-8.5421,-172.5159,29.13,76,11,5.23,TK,1683600238
100,kijang,35.2442,129.2139,20.85,53,0,3.13,KR,1683600466
101,vorkuta,67.5,64.0,-0.31,99,100,5.53,RU,1683600413
102,mechanicsville,37.6088,-77.3733,22.07,79,0,0.0,US,1683600368
103,olonkinbyen,70.9221,-8.7187,1.87,100,100,2.68,SJ,1683600086
104,margate,51.3813,1.3862,13.26,92,100,3.58,GB,1683600467
105,ushuaia,-54.8,-68.3,5.81,75,75,13.38,AR,1683600467
106,floro,61.5996,5.0328,11.04,71,100,7.72,NO,1683600354
107,puerto baquerizo moreno,-0.9,-89.6,26.36,89,26,4.31,EC,1683600318
108,kapuskasing,49.4169,-82.4331,8.05,53,75,1.54,CA,1683600096
109,ancud,-41.8697,-73.8203,8.76,84,100,0.66,CL,1683600203
110,galle,6.0367,80.217,27.42,82,94,4.76,LK,1683600468
111,saint-philippe,-21.3585,55.7679,22.77,81,40,3.51,RE,1683600468
112,matabhanga,26.3333,89.2167,31.42,39,4,6.12,IN,1683600468
113,cockburn town,21.4612,-71.1419,26.75,77,1,8.48,TC,1683600241
114,stanley,54.868,-1.6985,11.51,94,40,1.54,GB,1683600030
115,vuktyl,63.8567,57.3094,0.38,99,100,5.77,RU,1683600468
116,behshahr,36.6923,53.5526,19.49,64,71,6.15,IR,1683600469
117,punta del este,-34.9667,-54.95,16.6,83,20,11.18,UY,1683600191
118,xinhui,22.456,113.0482,22.86,78,100,2.52,CN,1683600469
119,mata-utu,-13.2816,-176.1745,28.65,74,1,4.44,WF,1683600469
120,port alfred,-33.5906,26.891,16.22,86,23,2.71,ZA,1683600227
121,merizo village,13.2658,144.6691,32.31,81,88,4.59,GU,1683600470
122,miyaly,48.8844,53.7836,13.01,57,100,8.27,KZ,1683600470
123,jamestown,42.097,-79.2353,13.8,67,0,3.09,US,1683600217
124,kabare,-2.4683,28.8242,15.64,97,90,0.37,CD,1683600470
125,reggane,26.7158,0.1714,28.4,13,100,6.47,DZ,1683600470
126,ban mo,14.6154,100.7273,32.94,71,100,3.14,TH,1683600470
127,san pedro pochutla,15.7333,-96.4667,29.28,71,73,3.68,MX,1683600413
128,val-d'or,48.1002,-77.7828,7.05,45,100,3.6,CA,1683600471
129,ilulissat,69.2167,-51.1,-0.99,86,100,2.06,GL,1683600198
130,midvagur,62.0511,-7.1939,8.46,100,100,2.57,FO,1683600244
131,ostersund,63.1792,14.6357,7.25,36,20,4.63,SE,1683600471
132,miri,4.4148,114.0089,32.08,66,40,2.57,MY,1683600471
133,antsiranana,-12.2787,49.2917,23.6,78,6,5.13,MG,1683600472
134,braganca,-1.0536,-46.7656,23.18,98,81,0.51,BR,1683600450
135,carnarvon,-24.8667,113.6333,26.61,44,30,2.53,AU,1683600472
136,kuraymah,18.55,31.85,22.66,19,1,5.05,SD,1683600472
137,kingston,17.997,-76.7936,28.53,83,20,6.17,JM,1683600168
138,nemuro,43.3236,145.575,7.32,77,3,6.45,JP,1683600256
139,tome acu,-2.4189,-48.1522,22.67,99,69,1.04,BR,1683600473
140,glace bay,46.1969,-59.957,3.77,94,100,6.17,CA,1683600473
141,lospalos,-8.5186,127.0025,23.35,95,100,3.51,TL,1683600412
142,al bawiti,28.3492,28.8659,16.06,69,0,3.73,EG,1683600473
143,san jose del guaviare,2.5729,-72.6459,23.11,97,97,0.82,CO,1683600473
144,iskateley,67.6803,53.1512,-0.19,86,99,5.05,RU,1683600243
145,sinabang,2.4803,96.3801,27.4,78,94,0.6,ID,1683600258
146,georgetown,5.4112,100.3354,30.97,70,20,3.09,MY,1683600212
147,petropavlovsk-kamchatsky,53.0452,158.6483,5.33,49,75,2.0,RU,1683600207
148,novyy urengoy,66.0833,76.6333,-10.06,88,86,9.38,RU,1683600474
149,mangatarem,15.7874,120.2921,33.19,58,86,2.13,PH,1683600475
150,al mutayrifi,25.4788,49.5576,28.19,11,100,4.13,SA,1683600475
151,boende,-0.2167,20.8667,21.38,96,92,1.06,CD,1683600475
152,west island,-12.1568,96.8225,28.99,84,40,3.6,CC,1683600207
153,rio grande,-32.035,-52.0986,14.95,80,0,4.49,BR,1683600475
154,klyuchi,52.2667,79.1667,20.09,38,74,5.18,RU,1683600232
155,franceville,-1.6333,13.5836,21.67,98,88,0.99,GA,1683600476
156,tolanaro,-25.0319,46.9987,22.04,88,20,4.12,MG,1683600253
157,huanuni,-18.2667,-66.85,4.02,67,68,2.02,BO,1683600476
158,antofagasta,-23.65,-70.4,15.6,74,44,2.57,CL,1683600476
159,okha,53.5739,142.9478,2.3,81,81,6.11,RU,1683600221
160,invercargill,-46.4,168.35,8.34,95,100,1.34,NZ,1683600042
161,hammerfest,70.6634,23.6821,2.25,93,100,2.06,NO,1683600421
162,papatowai,-46.5619,169.4708,11.32,92,100,3.99,NZ,1683600094
163,el calafate,-50.3408,-72.2768,5.35,85,8,2.21,AR,1683600477
164,sao jose da coroa grande,-8.8978,-35.1478,25.11,83,17,1.25,BR,1683600477
165,mermoz boabab,14.7065,-17.4758,22.88,88,40,2.06,SN,1683600477
166,nakskov,54.8373,11.1284,8.39,80,100,9.32,DK,1683600477
167,ust-nera,64.5667,143.2,2.28,60,92,2.34,RU,1683600478
168,rundu,-17.9333,19.7667,15.89,45,39,1.55,NA,1683600478
169,praia da vitoria,38.7333,-27.0667,16.53,100,20,1.18,PT,1683600252
170,kone,-21.0595,164.8658,25.94,63,86,3.62,NC,1683600247
171,utrik,11.2278,169.8474,27.05,84,99,8.14,MH,1683600055
172,taulaga,-11.0553,-171.0883,29.0,74,28,4.92,AS,1683600478
173,christchurch,-43.5333,172.6333,17.19,82,75,2.57,NZ,1683600479
174,gokarna,14.55,74.3167,27.1,80,100,1.06,IN,1683600479
175,la ronge,55.1001,-105.2842,14.14,38,75,1.03,CA,1683600479
176,brokopondo,4.75,-55.1667,24.95,92,100,3.76,SR,1683600479
177,east london,-33.0153,27.9116,16.51,76,44,1.86,ZA,1683600206
178,uthal,25.8072,66.6219,30.96,40,0,1.18,PK,1683600480
179,ende,-8.8432,121.6623,27.8,85,95,3.79,ID,1683600480
180,tezu,27.9167,96.1667,31.07,34,11,1.4,IN,1683600480
181,jerome,42.7241,-114.5186,11.46,67,0,7.72,US,1683600480
182,port elizabeth,-33.918,25.5701,17.95,81,0,3.6,ZA,1683600235
183,aasiaat,68.7098,-52.8699,-4.62,83,100,3.58,GL,1683600216
184,hadibu,12.65,54.0333,28.07,71,89,2.21,YE,1683600329
185,albany,42.6001,-73.9662,13.23,52,72,2.08,US,1683600469
186,dudinka,69.4058,86.1778,-8.86,92,100,6.64,RU,1683600213
187,eilat,29.5581,34.9482,19.91,60,0,2.57,IL,1683600481
188,talnakh,69.4865,88.3972,-3.85,93,100,4.11,RU,1683600048
189,lethem,3.3803,-59.7968,25.03,87,70,2.67,GY,1683600481
190,bethel,41.3712,-73.414,16.53,52,0,0.45,US,1683600389
191,ishqoshim,36.7248,71.6133,3.8,56,9,0.48,TJ,1683600482
192,bratsk,56.1325,101.6142,16.27,43,42,3.96,RU,1683600482
193,lebu,-37.6167,-73.65,10.7,77,100,6.48,CL,1683600211
194,mount pearl,47.5166,-52.7813,6.09,96,100,9.77,CA,1683600160
195,priozersk,61.0393,30.1291,6.72,88,100,3.62,RU,1683600271
196,yanchep,-31.55,115.6833,26.45,40,7,7.08,AU,1683600486
197,zaozersk,69.4005,32.4476,0.64,99,100,1.5,RU,1683600486
198,sergeyevka,53.88,67.4158,10.12,37,100,4.13,KZ,1683600486
199,port lincoln,-34.7333,135.8667,16.04,66,87,4.49,AU,1683600074
200,ad dilam,23.9915,47.1627,30.23,16,57,3.99,SA,1683600324
201,dunedin,-45.8742,170.5036,14.04,89,100,4.3,NZ,1683600285
202,kayangel,8.0823,134.7173,28.76,73,78,2.15,PW,1683600487
203,kiunga,-6.1219,141.2906,24.09,99,100,0.11,PG,1683600254
204,willmar,45.1219,-95.0433,16.97,59,75,3.09,US,1683600488
205,broome,42.2506,-75.833,12.21,57,0,4.63,US,1683600488
206,gadzhiyevo,69.2551,33.3362,0.76,100,100,3.19,RU,1683600199
207,port macquarie,-31.4333,152.9167,20.5,52,80,6.81,AU,1683600488
208,fuding,27.3273,120.214,19.56,75,92,1.2,CN,1683600488
209,xilin hot,43.9667,116.0333,18.46,19,71,1.17,CN,1683600488
210,vandalia,39.8906,-84.1988,20.71,85,75,3.6,US,1683600489
211,waspan,14.7419,-83.9717,23.81,83,68,1.78,NI,1683600489
212,shkurinskaya,46.5858,39.3599,6.41,95,100,6.37,RU,1683600489
213,grand falls-windsor,48.9332,-55.6649,2.5,92,100,1.34,CA,1683600256
214,ta`u,-14.2336,-169.5144,27.95,79,27,5.45,AS,1683600271
215,college,64.8569,-147.8028,14.18,43,40,2.06,US,1683600316
216,alice springs,-23.7,133.8833,13.75,30,0,8.75,AU,1683600240
217,timimoun,29.2639,0.231,23.21,16,0,3.09,DZ,1683600490
218,cuamba,-14.8031,36.5372,15.67,84,44,1.32,MZ,1683600490
219,kerikeri,-35.2268,173.9474,17.17,97,99,0.89,NZ,1683600039
220,itoman,26.1247,127.6694,25.43,60,20,8.75,JP,1683600491
221,vylkove,45.4021,29.586,9.88,88,100,6.68,UA,1683600491
222,aripuana,-9.1667,-60.6333,22.57,99,100,0.92,BR,1683600491
223,altamira,-3.2033,-52.2064,23.62,96,78,1.04,BR,1683600262
224,urangan,-25.3,152.9,20.12,46,0,5.87,AU,1683600491
225,labe,11.3182,-12.2833,18.36,92,100,1.75,GN,1683600492
226,chonchi,-42.6128,-73.8092,7.84,94,100,0.47,CL,1683600438
227,yenotayevka,47.2456,47.0281,8.07,84,100,7.89,RU,1683600492
228,edmundston,47.3737,-68.3251,1.63,77,0,3.6,CA,1683600492
229,bang rakam,16.7585,100.1174,36.09,50,0,2.06,TH,1683600492
230,ar rutbah,33.0381,40.2848,17.48,52,99,5.53,IQ,1683600211
231,toliara,-23.35,43.6667,22.33,69,3,2.32,MG,1683600227
232,togur,58.3631,82.8265,7.24,38,100,5.56,RU,1683600493
233,kegen,43.0197,79.2203,9.48,37,0,1.58,KZ,1683600493
234,kushk,33.2957,61.9522,22.22,9,0,1.46,AF,1683600493
235,awjilah,29.1081,21.2869,20.72,28,10,4.53,LY,1683600493
236,shagonar,51.5333,92.8,8.82,86,100,0.75,RU,1683600494
237,yarmouth,41.7057,-70.2286,15.26,51,20,7.6,US,1683600494
238,horta,38.5333,-28.6333,16.12,94,100,0.89,PT,1683600068
239,arraial do cabo,-22.9661,-42.0278,24.04,84,21,9.78,BR,1683600245
240,isafjordur,66.0755,-23.124,4.88,98,100,2.18,IS,1683600244
241,kirando,-7.4167,30.6,21.91,75,21,3.75,TZ,1683600494
242,oskarshamn,57.2645,16.4484,3.1,63,17,2.1,SE,1683600495
243,hauterive,46.0901,3.4459,13.53,94,99,1.54,FR,1683600495
244,pacific grove,36.6177,-121.9166,15.01,81,20,4.63,US,1683600233
245,kota kinabalu,5.9749,116.0724,31.99,66,20,1.54,MY,1683600222
246,keflavik,64.0049,-22.5624,8.95,100,100,2.57,IS,1683600216
247,sandnessjoen,66.0217,12.6316,9.25,57,96,0.45,NO,1683600496
248,st. john's,47.5649,-52.7093,6.55,96,100,9.77,CA,1683600119
249,naze,28.3667,129.4833,23.51,60,29,7.33,JP,1683600206
250,hilo,19.7297,-155.09,26.85,57,0,2.57,US,1683600045
251,puerto colombia,10.9878,-74.9547,28.05,90,37,9.43,CO,1683600190
252,hepo,23.4308,115.8299,22.76,83,95,1.48,CN,1683600496
253,tucupita,9.0622,-62.051,24.3,93,96,2.17,VE,1683600211
254,plainview,40.7765,-73.4673,19.17,70,0,0.45,US,1683600289
255,afaahiti,-17.75,-149.2833,27.93,76,37,1.41,PF,1683600270
256,chibougamau,49.9168,-74.3659,2.79,48,40,2.57,CA,1683600223
257,sao vicente,-23.9631,-46.3919,26.26,26,20,0.45,BR,1683600422
258,minbu,20.1833,94.8833,35.99,37,82,4.23,MM,1683600497
259,ar ruways,24.1103,52.7306,28.59,28,99,4.46,AE,1683600424
260,benxi,41.2886,123.765,20.18,16,57,3.78,CN,1683600498
261,nalut,30.3333,10.85,15.54,70,61,7.51,LY,1683600498
262,swakopmund,-22.6833,14.5333,9.47,82,0,1.44,NA,1683600498
263,papao,-17.75,-149.55,29.81,72,48,0.94,PF,1683600073
264,quellon,-43.1167,-73.6167,8.14,100,100,2.06,CL,1683600498
265,al muwayh,22.4333,41.7583,23.7,25,45,2.05,SA,1683600499
266,whangarei,-35.7317,174.3239,18.64,98,100,3.98,NZ,1683600499
267,ekibastuz,51.6667,75.3667,17.59,40,100,4.79,KZ,1683600349
268,fort st. john,56.2499,-120.8529,15.94,44,75,0.0,CA,1683600157
269,bubaque,11.2833,-15.8333,26.54,79,74,3.25,GW,1683600205
270,tiksi,71.6872,128.8694,-5.34,79,80,9.38,RU,1683600027
271,thomson,33.4707,-82.5046,22.79,89,0,0.0,US,1683600500
272,serang,-6.1149,106.1502,29.62,72,46,0.8,ID,1683600500
273,metairie,29.9841,-90.1528,26.1,85,75,3.09,US,1683600306
274,arteche,12.2645,125.4048,30.55,60,29,2.36,PH,1683600500
275,lihue,21.9789,-159.3672,28.58,73,75,8.23,US,1683600095
276,yatou,37.15,122.3833,22.09,35,90,3.55,CN,1683600501
277,anori,-3.7728,-61.6442,23.65,98,100,0.21,BR,1683600501
278,corner brook,48.9667,-57.9484,1.09,97,100,2.43,CA,1683600208
279,novomyrhorod,48.7811,31.642,4.0,81,59,3.75,UA,1683600501
280,constantia,44.1833,28.65,8.17,90,100,7.03,RO,1683600094
281,udachny,66.4167,112.4,3.03,64,100,11.27,RU,1683600077
282,new richmond,45.123,-92.5366,17.45,99,75,2.57,US,1683600301
283,ciudad lazaro cardenas,17.9583,-102.2,26.73,73,5,1.88,MX,1683600502
284,recani,31.2846,-4.2688,23.13,17,2,2.37,MA,1683600502
285,ceeldheer,3.8488,47.1806,26.1,83,10,7.28,SO,1683600502
286,san dionisio ocotepec,16.8,-96.4,23.99,65,100,2.75,MX,1683600502
287,monte patria,-30.6919,-70.9467,20.88,25,0,1.57,CL,1683600353
288,thinadhoo,0.5333,72.9333,28.0,73,63,4.96,MV,1683600316
289,polyarnyy,69.1989,33.4478,0.92,100,100,3.08,RU,1683600081
290,kintampo,8.0563,-1.7306,23.5,85,95,1.74,GH,1683600503
291,coquimbo,-29.9533,-71.3436,11.85,100,100,2.06,CL,1683600325
292,faya-largeau,17.9257,19.1043,26.72,15,60,6.08,TD,1683600503
293,howrah,22.5892,88.3103,33.0,66,40,1.54,IN,1683600208
294,aldinga beach,-35.2793,138.4604,15.81,59,47,4.11,AU,1683600504
295,la'ie,21.6477,-157.9253,27.98,73,8,3.58,US,1683600414
296,cidreira,-30.1811,-50.2056,16.5,85,55,4.24,BR,1683600504
297,villa gesell,-37.2639,-56.973,11.14,81,74,7.76,AR,1683600424
298,naryn,41.4287,75.9911,9.04,33,35,1.09,KG,1683600506
299,stephenville,32.2207,-98.2023,27.07,69,40,5.66,US,1683600507
300,lompoc,34.6391,-120.4579,17.1,83,75,9.39,US,1683600228
301,korpilahti,62.0167,25.55,3.3,69,72,2.62,FI,1683600507
302,dapa,9.7594,126.0531,29.25,71,77,3.33,PH,1683600507
303,nguigmi,14.2495,13.1092,28.19,19,100,3.62,NE,1683600410
304,campbellton,48.0075,-66.6727,4.25,71,78,2.16,CA,1683600508
305,dalcahue,-42.3628,-73.7022,7.33,100,100,3.09,CL,1683600493
306,kogalym,62.2654,74.4791,-1.8,50,100,7.75,RU,1683600508
307,hami,42.8,93.45,17.27,14,69,3.34,CN,1683600214
308,fale old settlement,-9.3852,-171.2468,29.16,75,5,5.28,TK,1683600229
309,conde,-7.2597,-34.9075,24.7,94,20,1.54,BR,1683600509
310,palmer,42.1584,-72.3287,15.78,64,40,3.6,US,1683600149
311,camocim,-2.9022,-40.8411,24.83,89,38,2.76,BR,1683600509
312,happy valley-goose bay,53.3168,-60.3315,1.17,64,75,5.14,CA,1683600233
313,bakchar,57.0186,82.0711,10.32,40,100,3.02,RU,1683600510
314,pathardi,19.1667,75.1833,31.36,38,23,2.09,IN,1683600510
315,jeremie,18.65,-74.1167,26.15,76,78,1.27,HT,1683600510
316,vallegrande,-18.4897,-64.1069,11.36,95,100,0.12,BO,1683600510
317,kattivakkam,13.2167,80.3167,31.05,82,52,2.88,IN,1683600510
318,pimentel,-6.8367,-79.9342,24.16,83,20,9.77,PE,1683600511
319,constitucion,-35.3333,-72.4167,12.78,65,99,3.45,CL,1683600314
320,nova sintra,14.8667,-24.7167,20.63,81,0,6.21,CV,1683600259
321,barentu,15.1139,37.5928,25.11,41,3,0.69,ER,1683600511
322,kirklareli,41.7351,27.2252,9.01,91,100,4.45,TR,1683600511
323,ulaangom,49.9811,92.0667,11.4,49,98,0.88,MN,1683600511
324,shitanjing,39.2342,106.3439,13.23,60,100,1.16,CN,1683600512
325,poltavka,54.3663,71.7632,11.5,32,100,4.48,RU,1683600512
326,prince rupert,54.3161,-130.3201,12.05,74,0,6.69,CA,1683600216
327,qashyr,53.0675,76.1036,15.24,26,100,5.61,KZ,1683600512
328,labrador city,52.9463,-66.9114,-1.05,74,75,3.09,CA,1683600512
329,vilyuchinsk,52.9306,158.4028,6.15,90,100,12.3,RU,1683600227
330,jilib,0.4883,42.7854,23.28,97,30,1.93,SO,1683600513
331,petawawa,45.9001,-77.3328,6.99,62,63,1.93,CA,1683600513
332,i-n-salah,27.1935,2.4607,25.36,22,100,7.22,DZ,1683600513
333,bucerias,20.75,-105.3333,27.21,74,20,0.0,MX,1683600460
334,ugoofaaru,5.6667,73.0,28.71,76,58,6.27,MV,1683600410
335,enoch,37.7733,-113.0244,17.14,32,0,7.2,US,1683600239
336,carrizo springs,28.5219,-99.8606,29.97,54,40,5.13,US,1683600514
337,yorkton,51.2167,-102.4677,9.91,71,100,3.09,CA,1683600514
338,nema,57.5067,50.5011,2.66,65,2,1.38,RU,1683600514
339,saint-pierre,-21.3393,55.4781,22.82,64,75,3.09,RE,1683600198
340,yoichi,43.2039,140.7703,11.62,79,36,7.45,JP,1683600514
341,wamba,8.9333,8.6,25.54,68,72,1.89,NG,1683600515
342,ko samui,9.5357,99.9357,32.95,62,20,2.06,TH,1683600515
343,kisangani,0.5167,25.2,20.97,100,100,1.09,CD,1683600515
344,ebon,4.582,168.6964,24.83,92,100,1.16,MH,1683600200
345,lata,40.1629,-8.3327,17.67,96,96,0.97,PT,1683600220
346,yarrawonga,-36.0167,146.0,15.84,45,3,7.68,AU,1683600515
347,bathsheba,13.2167,-59.5167,27.34,83,40,6.69,BB,1683600516
348,timaru,-44.4,171.25,16.71,86,100,2.68,NZ,1683600516
349,colby,39.3958,-101.0524,20.46,44,40,5.36,US,1683600296
350,san patricio,28.017,-97.5169,26.58,91,66,4.55,US,1683600259
351,bayanaul,50.7889,75.6956,21.82,25,57,4.45,KZ,1683600221
352,touros,-5.1989,-35.4608,24.93,83,16,4.55,BR,1683600248
353,selfoss,63.9331,-20.9971,8.91,94,100,1.48,IS,1683600186
354,karlskrona,56.1616,15.5866,0.25,88,10,2.1,SE,1683600517
355,hithadhoo,-0.6,73.0833,28.28,71,92,5.4,MV,1683600214
356,beau vallon,-20.4189,57.6953,24.13,88,40,3.6,MU,1683600517
357,selkirk,50.1436,-96.8845,11.2,94,100,0.45,CA,1683600517
358,wahpeton,46.2652,-96.6059,14.4,82,75,2.06,US,1683600261
359,nago,26.5881,127.9761,25.47,65,5,6.24,JP,1683600518
360,caleta de carquin,-11.0925,-77.6267,22.11,86,68,5.07,PE,1683600328
361,alo,7.4178,6.7371,25.52,82,88,1.08,NG,1683600518
362,ketchikan,55.3422,-131.6461,13.26,50,20,3.09,US,1683600518
363,kidal,18.4411,1.4078,30.59,9,95,3.86,ML,1683600372
364,lorengau,-2.0226,147.2712,29.01,76,90,1.19,PG,1683600518
365,mamfe,5.754,9.3123,24.33,93,97,0.87,CM,1683600519
366,motueka,-41.1333,173.0167,17.83,97,100,2.04,NZ,1683600519
367,bandar lampung,-5.4254,105.258,27.72,77,91,1.88,ID,1683600519
368,ternate,0.8,127.4,29.14,76,77,2.99,ID,1683600519
369,calderitas,18.55,-88.25,26.79,80,1,5.27,MX,1683600316
370,gidole,5.65,37.3667,13.0,89,99,1.11,ET,1683600520
371,sarangani,5.4033,125.4636,28.74,72,89,1.07,PH,1683600520
372,westport,41.1415,-73.3579,17.53,53,99,3.01,US,1683600238
373,vila velha,-20.3297,-40.2925,22.97,98,75,0.0,BR,1683600267
374,codo,-4.4553,-43.8856,23.09,75,15,0.48,BR,1683600520
375,silver city,32.7701,-108.2803,17.04,18,0,4.12,US,1683600520
376,mokhsogollokh,61.4681,128.9203,2.66,37,10,1.99,RU,1683600521
377,koudougou,12.25,-2.3667,28.68,44,56,3.17,BF,1683600521
378,nueva gerona,21.8833,-82.8,27.29,68,2,5.58,CU,1683600521
379,botou,38.0667,116.5667,25.89,16,98,3.19,CN,1683600521
380,marang,5.2056,103.2059,28.95,73,100,1.01,MY,1683600521
381,luanda,-8.8368,13.2343,27.0,89,100,2.57,AO,1683600521
382,portland,45.5234,-122.6762,13.13,91,100,2.06,US,1683600205
383,ingeniero jacobacci,-41.3427,-69.5448,11.63,26,100,1.43,AR,1683600522
384,khandyga,62.6667,135.6,2.49,39,70,1.29,RU,1683600522
385,mournies,35.4764,24.0092,17.68,82,20,1.54,GR,1683600522
386,rajgarh,28.6333,75.3833,30.81,21,0,4.97,IN,1683600522
387,novodvinsk,64.4165,40.8122,3.63,85,100,2.73,RU,1683600523
388,antonio enes,-16.2325,39.9086,20.91,83,0,3.07,MZ,1683600419
389,inhambane,-23.865,35.3833,19.78,95,7,2.66,MZ,1683600523
390,basco,20.4487,121.9702,25.76,77,90,9.2,PH,1683600408
391,lagoa,39.05,-27.9833,16.18,87,100,2.6,PT,1683600523
392,great falls,47.5002,-111.3008,16.25,43,0,4.12,US,1683600267
393,rufino,-34.2683,-62.7126,11.03,56,2,0.8,AR,1683600524
394,laguna,38.421,-121.4238,19.66,49,0,3.09,US,1683600162
395,nuuk,64.1835,-51.7216,-0.66,100,100,1.54,GL,1683600330
396,yuzhno-kurilsk,44.0306,145.8556,7.3,77,15,5.03,RU,1683600048
397,masuguru,-11.3667,38.4167,18.22,92,0,0.78,TZ,1683600524
398,inari,68.906,27.0288,4.11,99,100,2.01,FI,1683600524
399,masterton,-40.9597,175.6575,18.27,94,98,3.56,NZ,1683600525
400,gevas,38.2968,43.1083,6.78,69,1,0.85,TR,1683600525
401,tungi,23.89,90.4058,31.0,62,40,2.06,BD,1683600525
402,alur,12.9833,75.9833,23.7,73,99,1.8,IN,1683600525
403,pisco,-13.7,-76.2167,20.03,83,100,6.69,PE,1683600413
404,khovd,48.0056,91.6419,7.3,45,13,1.57,MN,1683600526
405,birao,10.2849,22.7882,27.43,46,55,1.68,CF,1683600526
406,glubokoye,50.1456,82.3114,15.86,44,7,1.0,KZ,1683600526
407,worthington,40.0931,-83.018,17.86,85,40,2.57,US,1683600526
408,santyoku,37.4406,129.1708,21.93,41,0,1.1,KR,1683600526
409,muroran,42.3172,140.9881,11.69,70,10,4.26,JP,1683600526
410,elverum,60.8819,11.5623,2.69,96,100,1.77,NO,1683600527
411,dryden,49.7833,-92.7503,12.16,82,100,2.57,CA,1683600527
412,turaif,31.6725,38.6637,14.14,58,0,5.14,SA,1683600527
413,anadarko,35.0726,-98.2437,24.91,75,0,4.77,US,1683600527
414,hovd,48.0056,91.6419,7.3,45,13,1.57,MN,1683600527
415,shuangjiang,26.1547,109.7138,16.56,92,100,0.21,CN,1683600528
416,golden square,-36.7714,144.2617,18.27,53,85,2.68,AU,1683600528
417,veresti,47.6,26.4333,6.62,88,0,4.12,RO,1683600528
418,tazovsky,67.4667,78.7,-11.6,87,100,9.69,RU,1683600256
419,island harbour,50.724,-1.2758,13.42,96,100,0.89,GB,1683600528
420,struer,56.4912,8.5838,12.84,72,100,6.67,DK,1683600529
421,dhuusamarreeb,5.535,46.3861,25.51,74,50,6.96,SO,1683600529
422,sosnovo-ozerskoye,52.5249,111.5418,14.6,26,2,2.26,RU,1683600529
423,berezovyy,51.6667,135.7,12.94,44,94,5.98,RU,1683600530
424,kolonia town,6.964,158.206,33.0,62,75,3.6,FM,1683600530
425,nizhneangarsk,55.7833,109.55,5.92,70,15,1.28,RU,1683600530
426,mangai,-4.05,19.5333,20.93,99,98,0.8,CD,1683600531
427,roskilde,55.6415,12.0803,9.9,87,17,4.12,DK,1683600531
428,muscat,23.6139,58.5922,29.01,46,0,0.93,OM,1683600411
429,mzuzu,-11.4656,34.0207,13.09,92,2,0.44,MW,1683600531
430,okhotsk,59.3833,143.3,5.21,67,28,2.91,RU,1683600532
431,coahuayana de hidalgo,18.7,-103.6583,25.15,80,42,0.61,MX,1683600412
432,ji'an,27.1172,114.9793,23.17,59,3,1.28,CN,1683600532
433,fuglafjordur,62.244,-6.814,8.26,86,98,1.72,FO,1683600526
434,kristiansund,63.1115,7.732,11.36,66,100,2.57,NO,1683600243
435,maracaju,-21.6144,-55.1683,21.13,95,100,1.97,BR,1683600533
436,ejutla de crespo,16.5667,-96.7333,25.53,65,100,2.11,MX,1683600533
437,fort bragg,35.139,-79.006,24.91,67,75,2.06,US,1683600228
438,san felipe,10.3399,-68.7425,23.71,94,97,1.51,VE,1683600533
439,alofi,-19.0595,-169.9187,28.94,70,15,3.09,NU,1683600408
440,shiyan,32.6475,110.7781,19.71,53,100,2.39,CN,1683600534
441,leava,-14.3,-178.1667,28.56,72,0,2.67,WF,1683600534
442,el nido,11.1858,119.3956,29.51,71,95,1.53,PH,1683600534
443,pskov,57.8136,28.3496,-3.05,100,65,0.0,RU,1683600273
444,chegdomyn,51.1167,133.0167,14.63,31,100,5.53,RU,1683600204
445,pandan,14.0453,124.1694,30.03,68,94,2.17,PH,1683600240
446,kalat,29.0225,66.5916,17.06,12,0,0.99,PK,1683600255
447,noumea,-22.2763,166.4572,27.22,99,86,4.41,NC,1683600239
448,egilsstadir,65.2653,-14.3948,4.95,100,75,1.03,IS,1683600535
449,tshikapa,-6.4167,20.8,21.31,81,30,1.08,CD,1683600535
450,sodo,6.8642,37.7628,13.44,94,94,1.31,ET,1683600535
451,elassona,39.8947,22.1886,14.63,93,100,0.99,GR,1683600535
452,revelstoke,50.9832,-118.2023,17.01,51,75,3.6,CA,1683600536
453,al kharijah,25.4514,30.5464,18.91,38,0,2.3,EG,1683600536
454,concepcion,-36.827,-73.0498,11.89,87,0,3.6,CL,1683600536
455,karwar,14.8,74.1333,26.67,80,100,1.03,IN,1683600536
456,kuanda,56.3161,116.0806,5.43,91,100,0.22,RU,1683600536
457,bucak,37.4592,30.595,7.29,74,17,1.17,TR,1683600537
458,clearfield,41.1253,-78.75,17.97,42,0,2.57,US,1683600537
459,wynyard,-41.0,145.7167,15.54,61,100,4.48,AU,1683600425
460,port moresby,-9.4431,147.1797,27.9,83,100,3.72,PG,1683600537
461,puerto armuelles,8.2833,-82.8667,27.05,82,90,1.94,PA,1683600201
462,dunlap,41.6378,-85.9217,14.1,88,100,2.06,US,1683600452
463,pathein,16.7833,94.7333,34.3,44,83,2.7,MM,1683600538
464,ilhabela,-23.7781,-45.3581,23.09,82,25,1.54,BR,1683600538
465,holualoa,19.6228,-155.9522,26.42,71,40,5.66,US,1683600228
466,tranqueras,-31.2,-55.75,12.89,95,0,1.96,UY,1683600538
467,mariana,-20.3778,-43.4161,16.97,95,11,0.62,BR,1683600538
468,kalevala,65.2,31.1667,1.84,99,100,2.47,RU,1683600539
469,salekhard,66.53,66.6019,-0.71,91,100,4.49,RU,1683600539
470,gordonvale,-17.0936,145.7842,27.75,56,91,4.02,AU,1683600539
471,port douglas,-16.4833,145.4667,24.28,62,99,7.67,AU,1683600262
472,nadi,-17.8,177.4167,29.0,65,20,4.12,FJ,1683600419
473,afsin,38.2477,36.914,8.97,76,5,1.16,TR,1683600539
474,yerofey pavlovich,53.9667,121.9667,8.86,29,65,4.71,RU,1683600540
475,berbera,10.4396,45.0143,29.18,71,55,0.96,SO,1683600540
476,mundemba,4.9479,8.8724,24.46,96,92,1.05,CM,1683600540
477,bailen,38.0964,-3.7779,17.67,38,72,1.34,ES,1683600540
478,callao,-12.0667,-77.15,22.16,78,100,5.66,PE,1683600209
479,grand gaube,-20.0064,57.6608,24.22,78,15,6.58,MU,1683600540
480,tutoia,-2.7619,-42.2744,26.38,79,23,2.18,BR,1683600541
481,usogorsk,63.4106,48.6872,3.43,83,100,3.73,RU,1683600226
482,moose jaw,50.4001,-105.5344,14.14,54,97,5.66,CA,1683600541
483,al qitena,14.8648,32.3668,27.46,15,1,6.1,SD,1683600541
484,flin flon,54.7682,-101.865,12.58,55,10,1.42,CA,1683600327
485,kaka,37.3482,59.6143,24.13,24,0,5.17,TM,1683600541
486,griffith,41.5284,-87.4237,12.92,93,100,1.54,US,1683600542
487,sipalay,9.75,122.5,32.15,60,48,2.41,PH,1683600542
488,khategaon,22.6,76.9167,35.74,16,1,3.93,IN,1683600542
489,aljezur,37.3191,-8.8033,15.66,92,42,5.05,PT,1683600542
490,bel ombre,-4.6167,55.4167,25.91,83,75,5.14,SC,1683600542
491,duong dong,10.2167,103.9667,31.0,74,40,2.06,VN,1683600543
492,misratah,32.3754,15.0925,21.57,51,82,9.64,LY,1683600543
493,koryazhma,61.3143,47.1691,3.57,88,99,3.37,RU,1683600543
494,mahanoro,-19.9,48.8,20.67,92,29,2.7,MG,1683600543
495,san luis de la loma,17.2706,-100.8939,28.25,67,3,2.66,MX,1683600234
496,south hedland,-20.4089,118.5983,28.96,20,0,8.75,AU,1683600543
497,port saint john's,-31.6229,29.5448,16.85,86,43,2.47,ZA,1683600544
498,youghal,51.95,-7.8506,10.56,100,19,2.12,IE,1683600297
499,san julian,21.0167,-102.1667,22.04,23,35,3.94,MX,1683600243
500,marsh harbour,26.5412,-77.0636,23.99,77,6,5.4,BS,1683600544
501,weno,7.4515,151.8468,29.97,79,75,2.06,FM,1683600203
502,sisimiut,66.9395,-53.6735,-0.53,84,100,5.23,GL,1683600315
503,bamboo flat,11.7,92.7167,29.84,74,100,5.99,IN,1683600545
504,tarawa,1.419,172.984,31.05,74,40,3.6,KI,1683600426
505,hastings,50.8552,0.5729,13.32,51,100,7.74,GB,1683600545
506,fort drum,44.0584,-75.7619,10.07,75,0,0.0,US,1683600545
507,kill devil hills,36.0307,-75.676,22.01,78,0,1.54,US,1683600255
508,baotou,40.6522,109.8222,18.95,29,100,2.67,CN,1683600546
509,twon-brass,4.3151,6.2418,27.92,80,54,4.56,NG,1683600546
510,acajutla,13.5928,-89.8275,28.32,80,28,3.1,SV,1683600546
511,as sulayyil,20.4607,45.5779,28.14,17,33,2.33,SA,1683600546
512,venezuela,8.0,-66.0,30.97,50,96,6.06,VE,1683600546
513,levico terme,46.0129,11.3072,14.0,91,99,0.69,IT,1683600547
514,tukrah,32.5341,20.5791,20.05,43,89,9.03,LY,1683600547
515,khilok,51.3674,110.4676,18.62,21,3,0.95,RU,1683600547
516,hasaki,35.7333,140.8333,20.12,55,40,7.26,JP,1683600225
517,osakarovka,50.565,72.5692,20.46,29,100,4.55,KZ,1683600547
518,sochi,43.6,39.7303,13.05,96,100,4.11,RU,1683600548
519,monticello,45.3055,-93.7941,19.02,64,75,1.54,US,1683600417
520,sinop,41.7711,34.8709,8.24,95,81,0.46,TR,1683600237
521,eastham,41.8301,-69.9739,14.43,59,78,4.47,US,1683600548
522,ambon,-3.6954,128.1814,31.08,92,40,3.09,ID,1683600548
523,mahibadhoo,3.7833,72.9667,28.35,77,66,4.84,MV,1683600548
524,darhan,49.4867,105.9228,17.79,28,100,3.16,MN,1683600549
525,rawson,-43.3002,-65.1023,13.87,42,90,4.91,AR,1683600549
526,kenai,60.5544,-151.2583,7.05,61,100,7.2,US,1683600108
527,moramanga,-18.9333,48.2,13.72,99,26,1.0,MG,1683600549
528,beloyarskiy,63.7119,66.6722,0.36,79,48,4.22,RU,1683600549
529,jiaojiang,28.6803,121.4428,22.78,49,0,4.28,CN,1683600549
530,colares,38.7992,-9.4469,19.97,85,83,10.28,PT,1683600550
531,champerico,14.3,-91.9167,29.82,72,1,2.42,GT,1683600550
532,tromso,69.6496,18.957,5.77,87,100,4.12,NO,1683599999
533,miguel ahumada,30.6167,-106.5167,23.93,8,2,3.11,MX,1683600550
534,cape coast,5.1053,-1.2466,27.06,80,50,1.55,GH,1683600551
535,kupang,-10.1667,123.5833,30.32,70,40,5.66,ID,1683600252
536,sogndal,61.2283,7.1003,8.21,93,100,1.03,NO,1683600552
537,saint-joseph,-21.3667,55.6167,22.21,79,28,3.87,RE,1683600552
538,san salvador,13.6894,-89.1872,24.13,82,33,1.11,SV,1683600386
539,nelson bay,-32.7167,152.15,19.03,62,79,6.71,AU,1683600554
540,tbeng meanchey,13.8167,104.9667,34.07,49,54,1.87,KH,1683600249
541,mogocha,53.7333,119.7667,11.75,32,30,2.63,RU,1683600250
542,porto novo,6.4965,2.6036,26.67,84,96,2.05,BJ,1683600555
543,carauari,-4.8828,-66.8958,23.31,99,100,1.35,BR,1683600152
544,klaksvik,62.2266,-6.589,8.51,86,85,3.44,FO,1683600555
545,loikaw,19.6742,97.2094,31.39,42,100,1.78,MM,1683600544
546,seven pagodas,12.6264,80.1722,31.03,68,61,1.96,IN,1683600319
547,ola,59.5833,151.2833,8.97,72,27,0.55,RU,1683600252
548,dakhla,23.6848,-15.958,18.2,92,0,7.95,EH,1683600326
549,hawera,-39.5917,174.2833,16.84,91,100,6.68,NZ,1683600556
550,mikomeseng,2.1361,10.6132,21.03,100,100,0.54,GQ,1683600556
551,conceicao da barra,-18.5933,-39.7322,22.6,93,2,2.23,BR,1683600557
552,shimoda,34.6667,138.95,17.2,51,9,7.01,JP,1683600557
553,barra de santo antonio,-9.4047,-35.5072,24.6,81,22,0.99,BR,1683600252
554,halifax,44.6453,-63.5724,4.71,78,75,7.2,CA,1683600488
555,niamey,13.5137,2.1098,31.16,45,0,4.12,NE,1683600438
556,maxixe,-23.8597,35.3472,19.38,96,8,2.44,MZ,1683600557
557,kuruman,-27.4524,23.4325,11.97,67,0,3.41,ZA,1683600558
558,newnham,-41.3833,147.1333,15.53,65,100,3.6,AU,1683600558
559,fisterra,42.9049,-9.2629,17.79,95,100,4.01,ES,1683600558
560,zeya,53.75,127.2667,3.8,75,100,4.94,RU,1683600558
561,arkhangel'sk,64.5401,40.5433,3.45,87,100,2.69,RU,1683600316
562,ardestan,33.3761,52.3694,24.17,17,85,0.99,IR,1683600558
563,alaghsas,17.0187,8.0168,27.82,8,100,3.06,NE,1683600217
564,ghat,24.9647,10.1728,25.38,16,98,5.6,LY,1683600559
565,qamdo,31.1667,97.2333,6.92,29,98,4.21,CN,1683600239
566,mount gambier,-37.8333,140.7667,15.19,70,95,3.94,AU,1683600264
567,kshenskiy,51.8408,37.7136,3.64,71,100,4.08,RU,1683600559
568,pecos,31.4229,-103.4932,31.46,16,0,0.0,US,1683600394
569,yangshuo,24.7808,110.4897,19.13,92,100,0.23,CN,1683600560
570,kettering,39.6895,-84.1688,19.57,87,100,1.54,US,1683600560
571,taoudenni,22.6783,-3.9836,33.84,15,100,8.2,ML,1683600225
572,baikunthpur,23.25,82.55,33.37,24,0,1.37,IN,1683600560
573,nagqu,31.5,92.0,-1.02,63,100,6.4,CN,1683600258
574,santa elena de uairen,4.6167,-61.1333,20.1,90,100,0.68,VE,1683600230
575,chambishi,-12.6325,28.0537,10.92,87,10,1.53,ZM,1683600561
576,sao joao da barra,-21.6403,-41.0511,24.23,79,56,4.88,BR,1683600561
577,chui,-33.6971,-53.4616,12.32,77,0,3.1,UY,1683600561
578,oyem,1.5995,11.5793,20.38,96,99,0.96,GA,1683600561
579,ban mai,7.2041,100.5451,31.61,71,93,0.4,TH,1683600561
580,porto velho,-8.7619,-63.9039,23.03,88,75,3.09,BR,1683600561
581,duba,27.3513,35.6901,23.66,46,0,3.95,SA,1683600562
582,rouissat,31.9243,5.3502,21.04,46,1,2.06,DZ,1683600268
583,bismarck,46.8083,-100.7837,13.57,79,0,5.14,US,1683600562
584,jose pedro varela,-33.45,-54.5333,11.26,72,0,3.74,UY,1683600562
585,ushtobe,45.2514,77.9838,21.15,25,0,1.23,KZ,1683600562
